{
  "dataset_key": "netbeans_pretrain_dataset_3850_traindays",
  "run_name": "all-distilroberta-v1_netbeans_10frames_4train_0trim_3850_traindays",
  "train_days": 3850,
  "test_days": 700,
  "val_days": 140,
  "warmup_days": 350,
  "plm_key": "all-distilroberta-v1",
  "bucket_name": "netbeans",
  "dataset_json": "/home/mdafifal.mamun/research/S3M/dataset/EMSE_data/netbeans_2016/netbeans_stacktraces.json",
  "language": "java",
  "generate_dataset": false,
  "batch_size": 16,
  "eval_size": 300,
  "max_num_frames": 10,
  "num_train_pairs": 4,
  "num_test_pairs": 1,
  "frame_freq": {},
  "test_only": false,
  "trim_length": 0,
  "initial_embedding_eval_result": {
    "pearson_cosine": 0.783965931058549,
    "spearman_cosine": 0.7652329799335783,
    "pearson_manhattan": 0.7518871234153182,
    "spearman_manhattan": 0.7621761206111267,
    "pearson_euclidean": 0.7533254418482509,
    "spearman_euclidean": 0.7647936951667609,
    "pearson_dot": 0.78396593322081,
    "spearman_dot": 0.764858723508678,
    "pearson_max": 0.78396593322081,
    "spearman_max": 0.7652329799335783
  },
  "initial_triplet_eval_result": {
    "all-nli-dev_cosine_accuracy": 0.9566666666666667,
    "all-nli-dev_dot_accuracy": 0.043333333333333335,
    "all-nli-dev_manhattan_accuracy": 0.9566666666666667,
    "all-nli-dev_euclidean_accuracy": 0.9566666666666667,
    "all-nli-dev_max_accuracy": 0.9566666666666667
  },
  "final_embedding_eval_result": {
    "pearson_cosine": 0.885205913371961,
    "spearman_cosine": 0.8398805462929428,
    "pearson_manhattan": 0.8256475093665423,
    "spearman_manhattan": 0.8396300972135304,
    "pearson_euclidean": 0.8251164458265385,
    "spearman_euclidean": 0.8398803595375881,
    "pearson_dot": 0.885205909791065,
    "spearman_dot": 0.8396820373233912,
    "pearson_max": 0.885205913371961,
    "spearman_max": 0.8398805462929428
  },
  "final_triplet_eval_result": {
    "all-nli-test_cosine_accuracy": 0.9752112676056338,
    "all-nli-test_dot_accuracy": 0.024788732394366197,
    "all-nli-test_manhattan_accuracy": 0.9757746478873239,
    "all-nli-test_euclidean_accuracy": 0.9752112676056338,
    "all-nli-test_max_accuracy": 0.9757746478873239
  },
  "model_save_path": "/work/disa_lab/afif/projects/deduplication/trained_embedding_models/all-distilroberta-v1_netbeans_10frames_4train_0trim_3850_traindays/final"
}