{
  "dataset_key": "eclipse_pretrain_dataset_3850_traindays",
  "run_name": "all-distilroberta-v1_eclipse_10frames_5train_2trim_3850_traindays",
  "train_days": 3850,
  "test_days": 700,
  "val_days": 140,
  "warmup_days": 350,
  "plm_key": "all-distilroberta-v1",
  "bucket_name": "eclipse",
  "dataset_json": "/home/mdafifal.mamun/research/S3M/dataset/EMSE_data/eclipse_2018/eclipse_stacktraces.json",
  "language": "java",
  "generate_dataset": true,
  "batch_size": 16,
  "eval_size": 300,
  "max_num_frames": 10,
  "num_train_pairs": 5,
  "num_test_pairs": 1,
  "frame_freq": {},
  "test_only": false,
  "trim_length": 2,
  "model_save_path": "/work/disa_lab/afif/projects/deduplication/trained_embedding_models/all-distilroberta-v1_eclipse_10frames_5train_2trim_3850_traindays/final",
  "initial_embedding_eval_result": {
    "pearson_cosine": 0.7180942961155508,
    "spearman_cosine": 0.7527807290444264,
    "pearson_manhattan": 0.7431123387496054,
    "spearman_manhattan": 0.7498943905344043,
    "pearson_euclidean": 0.7443075545201115,
    "spearman_euclidean": 0.7500484951649296,
    "pearson_dot": 0.718094292736349,
    "spearman_dot": 0.7495163691938734,
    "pearson_max": 0.7443075545201115,
    "spearman_max": 0.7527807290444264
  },
  "initial_triplet_eval_result": {
    "all-nli-dev_cosine_accuracy": 0.9466666666666667,
    "all-nli-dev_dot_accuracy": 0.05333333333333334,
    "all-nli-dev_manhattan_accuracy": 0.95,
    "all-nli-dev_euclidean_accuracy": 0.9466666666666667,
    "all-nli-dev_max_accuracy": 0.95
  },
  "final_embedding_eval_result": {
    "pearson_cosine": 0.867752700086628,
    "spearman_cosine": 0.817115624330851,
    "pearson_manhattan": 0.8302517193995476,
    "spearman_manhattan": 0.8183113697908654,
    "pearson_euclidean": 0.830057754892561,
    "spearman_euclidean": 0.8171154875297686,
    "pearson_dot": 0.8677527081349946,
    "spearman_dot": 0.8155427692885961,
    "pearson_max": 0.8677527081349946,
    "spearman_max": 0.8183113697908654
  },
  "final_triplet_eval_result": {
    "all-nli-test_cosine_accuracy": 0.9771511910549344,
    "all-nli-test_dot_accuracy": 0.022848808945065628,
    "all-nli-test_manhattan_accuracy": 0.9786096256684492,
    "all-nli-test_euclidean_accuracy": 0.9771511910549344,
    "all-nli-test_max_accuracy": 0.9786096256684492
  }
}