{
  "dataset_key": "eclipse_pretrain_dataset_3850_traindays",
  "run_name": "all-mpnet-base-v2_eclipse_10frames_5train_2trim_3850_traindays",
  "train_days": 3850,
  "test_days": 700,
  "val_days": 140,
  "warmup_days": 350,
  "plm_key": "all-mpnet-base-v2",
  "bucket_name": "eclipse",
  "dataset_json": "/home/mdafifal.mamun/research/S3M/dataset/EMSE_data/eclipse_2018/eclipse_stacktraces.json",
  "language": "java",
  "generate_dataset": true,
  "batch_size": 16,
  "eval_size": 300,
  "max_num_frames": 10,
  "num_train_pairs": 5,
  "num_test_pairs": 1,
  "frame_freq": {},
  "test_only": false,
  "trim_length": 2,
  "model_save_path": "/work/disa_lab/afif/projects/deduplication/trained_embedding_models/all-mpnet-base-v2_eclipse_10frames_5train_2trim_3850_traindays/final",
  "initial_embedding_eval_result": {
    "pearson_cosine": 0.7479278137774671,
    "spearman_cosine": 0.7734398363169994,
    "pearson_manhattan": 0.7605373513716263,
    "spearman_manhattan": 0.7678180403045588,
    "pearson_euclidean": 0.762334514120188,
    "spearman_euclidean": 0.770980410545003,
    "pearson_dot": 0.7479278321636731,
    "spearman_dot": 0.7701816318181373,
    "pearson_max": 0.762334514120188,
    "spearman_max": 0.7734398363169994
  },
  "initial_triplet_eval_result": {
    "all-nli-dev_cosine_accuracy": 0.95,
    "all-nli-dev_dot_accuracy": 0.05,
    "all-nli-dev_manhattan_accuracy": 0.9466666666666667,
    "all-nli-dev_euclidean_accuracy": 0.95,
    "all-nli-dev_max_accuracy": 0.95
  },
  "final_embedding_eval_result": {
    "pearson_cosine": 0.8598602140088376,
    "spearman_cosine": 0.8084235689862882,
    "pearson_manhattan": 0.8239405459722569,
    "spearman_manhattan": 0.8099638932294336,
    "pearson_euclidean": 0.8237707772259806,
    "spearman_euclidean": 0.8083469683035515,
    "pearson_dot": 0.859860212389647,
    "spearman_dot": 0.8083582565213497,
    "pearson_max": 0.8598602140088376,
    "spearman_max": 0.8099638932294336
  },
  "final_triplet_eval_result": {
    "all-nli-test_cosine_accuracy": 0.9718035974720467,
    "all-nli-test_dot_accuracy": 0.02819640252795333,
    "all-nli-test_manhattan_accuracy": 0.9718035974720467,
    "all-nli-test_euclidean_accuracy": 0.9718035974720467,
    "all-nli-test_max_accuracy": 0.9718035974720467
  }
}