{
  "dataset_key": "netbeans_pretrain_dataset_3850_traindays",
  "run_name": "baai_bge-base-en_netbeans_20frames_4train_0trim_3850_traindays",
  "train_days": 3850,
  "test_days": 700,
  "val_days": 140,
  "warmup_days": 350,
  "plm_key": "BAAI/bge-base-en",
  "bucket_name": "netbeans",
  "dataset_json": "/home/mdafifal.mamun/research/S3M/dataset/EMSE_data/netbeans_2016/netbeans_stacktraces.json",
  "language": "java",
  "generate_dataset": true,
  "batch_size": 16,
  "eval_size": 300,
  "max_num_frames": 20,
  "num_train_pairs": 4,
  "num_test_pairs": 1,
  "frame_freq": {},
  "test_only": false,
  "trim_length": 0,
  "model_save_path": "/work/disa_lab/afif/projects/deduplication/trained_embedding_models/baai_bge-base-en_netbeans_20frames_4train_0trim_3850_traindays/final",
  "initial_embedding_eval_result": {
    "pearson_cosine": 0.7525142276430953,
    "spearman_cosine": 0.7663783488155165,
    "pearson_manhattan": 0.6907055107242814,
    "spearman_manhattan": 0.7661067222974912,
    "pearson_euclidean": 0.6908334078122012,
    "spearman_euclidean": 0.7661067222974912,
    "pearson_dot": 0.7525141123918142,
    "spearman_dot": 0.7659851463260586,
    "pearson_max": 0.7525142276430953,
    "spearman_max": 0.7663783488155165
  },
  "initial_triplet_eval_result": {
    "all-nli-dev_cosine_accuracy": 0.9333333333333333,
    "all-nli-dev_dot_accuracy": 0.06666666666666667,
    "all-nli-dev_manhattan_accuracy": 0.9366666666666666,
    "all-nli-dev_euclidean_accuracy": 0.9333333333333333,
    "all-nli-dev_max_accuracy": 0.9366666666666666
  },
  "final_embedding_eval_result": {
    "pearson_cosine": 0.87175808356961,
    "spearman_cosine": 0.8296626792729048,
    "pearson_manhattan": 0.8027161051708652,
    "spearman_manhattan": 0.828045570711665,
    "pearson_euclidean": 0.804261078439221,
    "spearman_euclidean": 0.829662621623921,
    "pearson_dot": 0.8717580845643171,
    "spearman_dot": 0.8294580895296185,
    "pearson_max": 0.8717580845643171,
    "spearman_max": 0.8296626792729048
  },
  "final_triplet_eval_result": {
    "all-nli-test_cosine_accuracy": 0.976338028169014,
    "all-nli-test_dot_accuracy": 0.023661971830985916,
    "all-nli-test_manhattan_accuracy": 0.9735211267605633,
    "all-nli-test_euclidean_accuracy": 0.976338028169014,
    "all-nli-test_max_accuracy": 0.976338028169014
  }
}