{
  "dataset_key": "gnome_pretrain_dataset_3700_traindays",
  "run_name": "baai_bge-base-en-v1.5_gnome_100frames_1train_0trim_3700_traindays",
  "train_days": 3700,
  "test_days": 700,
  "val_days": 140,
  "warmup_days": 350,
  "plm_key": "BAAI/bge-base-en-v1.5",
  "bucket_name": "gnome",
  "dataset_json": "/home/mdafifal.mamun/research/S3M/dataset/EMSE_data/gnome_2011/gnome_stacktraces_filtered.json",
  "language": "cpp_pretrain",
  "generate_dataset": true,
  "batch_size": 16,
  "eval_size": 300,
  "max_num_frames": 100,
  "num_train_pairs": 1,
  "num_test_pairs": 1,
  "frame_freq": {},
  "test_only": false,
  "trim_length": 0,
  "initial_embedding_eval_result": {
    "pearson_cosine": 0.7383850322641706,
    "spearman_cosine": 0.7833220050487435,
    "pearson_manhattan": 0.7501700375500763,
    "spearman_manhattan": 0.782605984424724,
    "pearson_euclidean": 0.7509843590554263,
    "spearman_euclidean": 0.7830680130103946,
    "pearson_dot": 0.7383850300435948,
    "spearman_dot": 0.7829961355598603,
    "pearson_max": 0.7509843590554263,
    "spearman_max": 0.7833220050487435
  },
  "initial_triplet_eval_result": {
    "all-nli-dev_cosine_accuracy": 0.9766666666666667,
    "all-nli-dev_dot_accuracy": 0.023333333333333334,
    "all-nli-dev_manhattan_accuracy": 0.98,
    "all-nli-dev_euclidean_accuracy": 0.9766666666666667,
    "all-nli-dev_max_accuracy": 0.98
  },
  "final_embedding_eval_result": {
    "pearson_cosine": 0.8802414875124017,
    "spearman_cosine": 0.8370072376908754,
    "pearson_manhattan": 0.8195066944499863,
    "spearman_manhattan": 0.8365436318298456,
    "pearson_euclidean": 0.8216423306680036,
    "spearman_euclidean": 0.837005597940382,
    "pearson_dot": 0.8802414884859167,
    "spearman_dot": 0.8368677538101111,
    "pearson_max": 0.8802414884859167,
    "spearman_max": 0.8370072376908754
  },
  "final_triplet_eval_result": {
    "all-nli-test_cosine_accuracy": 0.9870230988839865,
    "all-nli-test_dot_accuracy": 0.011679211004412146,
    "all-nli-test_manhattan_accuracy": 0.9872826369063068,
    "all-nli-test_euclidean_accuracy": 0.9870230988839865,
    "all-nli-test_max_accuracy": 0.9872826369063068
  },
  "model_save_path": "/work/disa_lab/afif/projects/deduplication/trained_embedding_models/baai_bge-base-en-v1.5_gnome_100frames_1train_0trim_3700_traindays/final"
}