{
  "dataset_key": "netbeans_pretrain_dataset_5years",
  "run_name": "baai_bge-base-en_netbeans_10frames_5train_0trim_5years",
  "train_days": 1825,
  "test_days": 700,
  "val_days": 140,
  "warmup_days": 350,
  "plm_key": "BAAI/bge-base-en",
  "bucket_name": "netbeans",
  "dataset_json": "/home/mdafifal.mamun/research/S3M/dataset/EMSE_data/netbeans_2016/netbeans_stacktraces.json",
  "language": "java",
  "generate_dataset": true,
  "batch_size": 16,
  "eval_size": 300,
  "max_num_frames": 10,
  "num_train_pairs": 5,
  "num_test_pairs": 1,
  "frame_freq": {},
  "test_only": false,
  "trim_length": 0,
  "initial_embedding_eval_result": {
    "pearson_cosine": 0.6429274077944747,
    "spearman_cosine": 0.593246650533124,
    "pearson_manhattan": 0.6361094079424744,
    "spearman_manhattan": 0.5843271571673213,
    "pearson_euclidean": 0.639332071602145,
    "spearman_euclidean": 0.5921203096079775,
    "pearson_dot": 0.6429274139942989,
    "spearman_dot": 0.5913149007223708,
    "pearson_max": 0.6429274139942989,
    "spearman_max": 0.593246650533124
  },
  "initial_triplet_eval_result": {
    "all-nli-dev_cosine_accuracy": 0.8766666666666667,
    "all-nli-dev_dot_accuracy": 0.12333333333333334,
    "all-nli-dev_manhattan_accuracy": 0.88,
    "all-nli-dev_euclidean_accuracy": 0.8766666666666667,
    "all-nli-dev_max_accuracy": 0.88
  },
  "final_embedding_eval_result": {
    "pearson_cosine": 0.7644991278327774,
    "spearman_cosine": 0.7091333582840725,
    "pearson_manhattan": 0.7315297326397758,
    "spearman_manhattan": 0.7115999813521308,
    "pearson_euclidean": 0.730831879473254,
    "spearman_euclidean": 0.7091332298934151,
    "pearson_dot": 0.7644991321293202,
    "spearman_dot": 0.7082404508647431,
    "pearson_max": 0.7644991321293202,
    "spearman_max": 0.7115999813521308
  },
  "final_triplet_eval_result": {
    "all-nli-test_cosine_accuracy": 0.8824476650563607,
    "all-nli-test_dot_accuracy": 0.11701556629092862,
    "all-nli-test_manhattan_accuracy": 0.8835212023617821,
    "all-nli-test_euclidean_accuracy": 0.8824476650563607,
    "all-nli-test_max_accuracy": 0.8835212023617821
  },
  "model_save_path": "/work/disa_lab/afif/projects/deduplication/trained_embedding_models/baai_bge-base-en_netbeans_10frames_5train_0trim_5years/final"
}