{
  "dataset_key": "eclipse_pretrain_dataset",
  "run_name": "baai_bge-base-en_eclipse_10frames_5train_2trim",
  "train_days": 3850,
  "test_days": 700,
  "val_days": 140,
  "warmup_days": 350,
  "plm_key": "BAAI/bge-base-en",
  "bucket_name": "eclipse",
  "dataset_json": "/home/mdafifal.mamun/research/S3M/dataset/EMSE_data/eclipse_2018/eclipse_stacktraces.json",
  "language": "java",
  "generate_dataset": true,
  "batch_size": 16,
  "eval_size": 300,
  "max_num_frames": 10,
  "num_train_pairs": 5,
  "num_test_pairs": 1,
  "frame_freq": {},
  "test_only": false,
  "trim_length": 2,
  "initial_embedding_eval_result": {
    "pearson_cosine": 0.7638290584251152,
    "spearman_cosine": 0.7802219542558766,
    "pearson_manhattan": 0.7596865041230021,
    "spearman_manhattan": 0.7770440814590895,
    "pearson_euclidean": 0.7594816256793565,
    "spearman_euclidean": 0.7770440814590895,
    "pearson_dot": 0.7638291025529858,
    "spearman_dot": 0.776662048829597,
    "pearson_max": 0.7638291025529858,
    "spearman_max": 0.7802219542558766
  },
  "initial_triplet_eval_result": {
    "all-nli-dev_cosine_accuracy": 0.95,
    "all-nli-dev_dot_accuracy": 0.05,
    "all-nli-dev_manhattan_accuracy": 0.9533333333333334,
    "all-nli-dev_euclidean_accuracy": 0.95,
    "all-nli-dev_max_accuracy": 0.9533333333333334
  },
  "final_embedding_eval_result": {
    "pearson_cosine": 0.8697419202305615,
    "spearman_cosine": 0.8154894033086485,
    "pearson_manhattan": 0.8308118119462964,
    "spearman_manhattan": 0.8145045133658546,
    "pearson_euclidean": 0.8312449907733089,
    "spearman_euclidean": 0.8154875626412632,
    "pearson_dot": 0.8697419146493035,
    "spearman_dot": 0.8143578963436141,
    "pearson_max": 0.8697419202305615,
    "spearman_max": 0.8154894033086485
  },
  "final_triplet_eval_result": {
    "all-nli-test_cosine_accuracy": 0.9766650461837627,
    "all-nli-test_dot_accuracy": 0.02333495381623724,
    "all-nli-test_manhattan_accuracy": 0.9761789013125911,
    "all-nli-test_euclidean_accuracy": 0.9766650461837627,
    "all-nli-test_max_accuracy": 0.9766650461837627
  },
  "model_save_path": "models/baai_bge-base-en_eclipse_10frames_5train_2trim/final"
}