{
  "dataset_key": "eclipse_pretrain_dataset_3850_traindays",
  "run_name": "baai_bge-base-en_eclipse_15frames_4train_2trim_3850_traindays",
  "train_days": 3850,
  "test_days": 700,
  "val_days": 140,
  "warmup_days": 350,
  "plm_key": "BAAI/bge-base-en",
  "bucket_name": "eclipse",
  "dataset_json": "/home/mdafifal.mamun/research/S3M/dataset/EMSE_data/eclipse_2018/eclipse_stacktraces.json",
  "language": "java",
  "generate_dataset": true,
  "batch_size": 16,
  "eval_size": 300,
  "max_num_frames": 15,
  "num_train_pairs": 4,
  "num_test_pairs": 1,
  "frame_freq": {},
  "test_only": false,
  "trim_length": 2,
  "model_save_path": "/work/disa_lab/afif/projects/deduplication/trained_embedding_models/baai_bge-base-en_eclipse_15frames_4train_2trim_3850_traindays/final",
  "initial_embedding_eval_result": {
    "pearson_cosine": 0.7557683891988698,
    "spearman_cosine": 0.7751443394725734,
    "pearson_manhattan": 0.75588969689655,
    "spearman_manhattan": 0.7725730006224176,
    "pearson_euclidean": 0.7575859533434073,
    "spearman_euclidean": 0.7733441085180383,
    "pearson_dot": 0.7557684118696719,
    "spearman_dot": 0.7722618324655626,
    "pearson_max": 0.7575859533434073,
    "spearman_max": 0.7751443394725734
  },
  "initial_triplet_eval_result": {
    "all-nli-dev_cosine_accuracy": 0.9266666666666666,
    "all-nli-dev_dot_accuracy": 0.07333333333333333,
    "all-nli-dev_manhattan_accuracy": 0.93,
    "all-nli-dev_euclidean_accuracy": 0.9266666666666666,
    "all-nli-dev_max_accuracy": 0.93
  },
  "final_embedding_eval_result": {
    "pearson_cosine": 0.8682419467468478,
    "spearman_cosine": 0.8021007219020384,
    "pearson_manhattan": 0.8212998795247626,
    "spearman_manhattan": 0.7968967456595254,
    "pearson_euclidean": 0.8216823596323055,
    "spearman_euclidean": 0.8021003085347599,
    "pearson_dot": 0.8682419523277353,
    "spearman_dot": 0.8011197819591814,
    "pearson_max": 0.8682419523277353,
    "spearman_max": 0.8021007219020384
  },
  "final_triplet_eval_result": {
    "all-nli-test_cosine_accuracy": 0.9742343218279047,
    "all-nli-test_dot_accuracy": 0.025765678172095283,
    "all-nli-test_manhattan_accuracy": 0.9747204666990763,
    "all-nli-test_euclidean_accuracy": 0.9742343218279047,
    "all-nli-test_max_accuracy": 0.9747204666990763
  }
}