{
  "dataset_key": "netbeans_pretrain_dataset_7years",
  "run_name": "baai_bge-base-en_netbeans_10frames_5train_0trim_7years",
  "train_days": 2555,
  "test_days": 700,
  "val_days": 140,
  "warmup_days": 350,
  "plm_key": "BAAI/bge-base-en",
  "bucket_name": "netbeans",
  "dataset_json": "/home/mdafifal.mamun/research/S3M/dataset/EMSE_data/netbeans_2016/netbeans_stacktraces.json",
  "language": "java",
  "generate_dataset": true,
  "batch_size": 16,
  "eval_size": 300,
  "max_num_frames": 10,
  "num_train_pairs": 5,
  "num_test_pairs": 1,
  "frame_freq": {},
  "test_only": false,
  "trim_length": 0,
  "initial_embedding_eval_result": {
    "pearson_cosine": 0.703215992243112,
    "spearman_cosine": 0.6842759847851975,
    "pearson_manhattan": 0.6771786827031567,
    "spearman_manhattan": 0.6886160399875042,
    "pearson_euclidean": 0.6761278575425892,
    "spearman_euclidean": 0.6836790950464369,
    "pearson_dot": 0.703215994349935,
    "spearman_dot": 0.682477921964597,
    "pearson_max": 0.703215994349935,
    "spearman_max": 0.6886160399875042
  },
  "initial_triplet_eval_result": {
    "all-nli-dev_cosine_accuracy": 0.88,
    "all-nli-dev_dot_accuracy": 0.12,
    "all-nli-dev_manhattan_accuracy": 0.88,
    "all-nli-dev_euclidean_accuracy": 0.88,
    "all-nli-dev_max_accuracy": 0.88
  },
  "final_embedding_eval_result": {
    "pearson_cosine": 0.8014793413621917,
    "spearman_cosine": 0.7508526742035796,
    "pearson_manhattan": 0.754454176300744,
    "spearman_manhattan": 0.7498117963099341,
    "pearson_euclidean": 0.7554664270904243,
    "spearman_euclidean": 0.7508518907639591,
    "pearson_dot": 0.8014793341469686,
    "spearman_dot": 0.7503541506486991,
    "pearson_max": 0.8014793413621917,
    "spearman_max": 0.7508526742035796
  },
  "final_triplet_eval_result": {
    "all-nli-test_cosine_accuracy": 0.952820851204223,
    "all-nli-test_dot_accuracy": 0.04717914879577697,
    "all-nli-test_manhattan_accuracy": 0.9524909270867701,
    "all-nli-test_euclidean_accuracy": 0.952820851204223,
    "all-nli-test_max_accuracy": 0.952820851204223
  },
  "model_save_path": "/work/disa_lab/afif/projects/deduplication/trained_embedding_models/baai_bge-base-en_netbeans_10frames_5train_0trim_7years/final"
}

# Result
mrr: (0.7435028736551639, 0.730666450407779, 0.7550808043595152)
rr@1: (0.6486308149125701, 0.6321346090399208, 0.6651270207852193)
rr@2: (0.7733421313097988, 0.7561860772022435, 0.7878587924777302)
rr@3: (0.8244803695150116, 0.8086440118772682, 0.8386671065654899)
rr@4: (0.8452655889145496, 0.8356977895084131, 0.8594523259650281)
rr@5: (0.8578027053777632, 0.8462553612669086, 0.8693500494886176)
rr@6: (0.8686902012537117, 0.8568129330254042, 0.8792477730122072)
rr@7: (0.8762784559551303, 0.8673705047838997, 0.8894754206532498)
rr@8: (0.883536786539096, 0.8723193665456945, 0.8954140547674035)
rr@9: (0.8874958759485319, 0.8762784559551303, 0.8987132959419334)
rr@10: (0.8937644341801386, 0.884856483008908, 0.9033322335862751)

Time to predict 0.2336888313293457
Time: 13502.218204259872