{
  "dataset_key": "netbeans_pretrain_dataset_4200_traindays",
  "run_name": "baai_bge-base-en-v1.5_netbeans_10frames_5train_0trim_4200_traindays",
  "train_days": 4200,
  "test_days": 700,
  "val_days": 140,
  "warmup_days": 350,
  "plm_key": "BAAI/bge-base-en-v1.5",
  "bucket_name": "netbeans",
  "dataset_json": "/home/mdafifal.mamun/research/S3M/dataset/EMSE_data/netbeans_2016/netbeans_stacktraces.json",
  "language": "java",
  "generate_dataset": true,
  "batch_size": 16,
  "eval_size": 300,
  "max_num_frames": 10,
  "num_train_pairs": 5,
  "num_test_pairs": 1,
  "frame_freq": {},
  "test_only": false,
  "trim_length": 0,
  "initial_embedding_eval_result": {
    "pearson_cosine": 0.7854748851264833,
    "spearman_cosine": 0.7557673920268125,
    "pearson_manhattan": 0.7564282552166335,
    "spearman_manhattan": 0.7533723412970821,
    "pearson_euclidean": 0.7569140323783248,
    "spearman_euclidean": 0.7550663510587886,
    "pearson_dot": 0.7854748723976548,
    "spearman_dot": 0.7550687853523055,
    "pearson_max": 0.7854748851264833,
    "spearman_max": 0.7557673920268125
  },
  "initial_triplet_eval_result": {
    "all-nli-dev_cosine_accuracy": 0.95,
    "all-nli-dev_dot_accuracy": 0.05,
    "all-nli-dev_manhattan_accuracy": 0.9466666666666667,
    "all-nli-dev_euclidean_accuracy": 0.95,
    "all-nli-dev_max_accuracy": 0.95
  },
  "final_embedding_eval_result": {
    "pearson_cosine": 0.8796261985310936,
    "spearman_cosine": 0.8218049627407753,
    "pearson_manhattan": 0.8206144219321307,
    "spearman_manhattan": 0.8220552160887904,
    "pearson_euclidean": 0.8207398748487454,
    "spearman_euclidean": 0.8218048713125264,
    "pearson_dot": 0.8796261811111568,
    "spearman_dot": 0.8214565684416281,
    "pearson_max": 0.8796261985310936,
    "spearman_max": 0.8220552160887904
  },
  "final_triplet_eval_result": {
    "all-nli-test_cosine_accuracy": 0.974705625817706,
    "all-nli-test_dot_accuracy": 0.024858264282599216,
    "all-nli-test_manhattan_accuracy": 0.9764500654164849,
    "all-nli-test_euclidean_accuracy": 0.974705625817706,
    "all-nli-test_max_accuracy": 0.9764500654164849
  },
  "model_save_path": "/work/disa_lab/afif/projects/deduplication/trained_embedding_models/baai_bge-base-en-v1.5_netbeans_10frames_5train_0trim_4200_traindays/final"
}