{
  "dataset_key": "netbeans_pretrain_dataset_5000_traindays",
  "run_name": "baai_bge-base-en_netbeans_10frames_5train_0trim_5000_traindays",
  "train_days": 5000,
  "test_days": 700,
  "val_days": 140,
  "warmup_days": 350,
  "plm_key": "BAAI/bge-base-en",
  "bucket_name": "netbeans",
  "dataset_json": "/home/mdafifal.mamun/research/S3M/dataset/EMSE_data/netbeans_2016/netbeans_stacktraces.json",
  "language": "java",
  "generate_dataset": true,
  "batch_size": 16,
  "eval_size": 300,
  "max_num_frames": 10,
  "num_train_pairs": 5,
  "num_test_pairs": 1,
  "frame_freq": {},
  "test_only": false,
  "trim_length": 0,
  "initial_embedding_eval_result": {
    "pearson_cosine": 0.6490590896781903,
    "spearman_cosine": 0.6125578948200264,
    "pearson_manhattan": 0.6323244807058301,
    "spearman_manhattan": 0.6117474431959009,
    "pearson_euclidean": 0.6320884874152746,
    "spearman_euclidean": 0.6122094299371439,
    "pearson_dot": 0.6490591058482665,
    "spearman_dot": 0.6121333590184,
    "pearson_max": 0.6490591058482665,
    "spearman_max": 0.6125578948200264
  },
  "initial_triplet_eval_result": {
    "all-nli-dev_cosine_accuracy": 0.8833333333333333,
    "all-nli-dev_dot_accuracy": 0.11666666666666667,
    "all-nli-dev_manhattan_accuracy": 0.8833333333333333,
    "all-nli-dev_euclidean_accuracy": 0.8833333333333333,
    "all-nli-dev_max_accuracy": 0.8833333333333333
  },
  "final_embedding_eval_result": {
    "pearson_cosine": 0.864723798508025,
    "spearman_cosine": 0.827947595027619,
    "pearson_manhattan": 0.7935980007201779,
    "spearman_manhattan": 0.8255892235407432,
    "pearson_euclidean": 0.7944765822843338,
    "spearman_euclidean": 0.8279376825745629,
    "pearson_dot": 0.8647237986700116,
    "spearman_dot": 0.8277804917518322,
    "pearson_max": 0.8647237986700116,
    "spearman_max": 0.827947595027619
  },
  "final_triplet_eval_result": {
    "all-nli-test_cosine_accuracy": 0.9724517906336089,
    "all-nli-test_dot_accuracy": 0.027548209366391185,
    "all-nli-test_manhattan_accuracy": 0.9696969696969697,
    "all-nli-test_euclidean_accuracy": 0.9724517906336089,
    "all-nli-test_max_accuracy": 0.9724517906336089
  },
  "model_save_path": "/work/disa_lab/afif/projects/deduplication/trained_embedding_models/baai_bge-base-en_netbeans_10frames_5train_0trim_5000_traindays/final"
}