{
  "dataset_key": "netbeans_pretrain_dataset",
  "run_name": "baai_bge-base-en_netbeans_10frames_5train_0trim",
  "train_days": 3850,
  "test_days": 700,
  "val_days": 140,
  "warmup_days": 350,
  "plm_key": "BAAI/bge-base-en",
  "bucket_name": "netbeans",
  "dataset_json": "/home/mdafifal.mamun/research/S3M/dataset/EMSE_data/netbeans_2016/netbeans_stacktraces.json",
  "language": "java",
  "generate_dataset": false,
  "batch_size": 16,
  "eval_size": 300,
  "max_num_frames": 10,
  "num_train_pairs": 5,
  "num_test_pairs": 1,
  "frame_freq": {},
  "test_only": false,
  "trim_length": 0,
  "initial_embedding_eval_result": {
    "pearson_cosine": 0.7792304711562494,
    "spearman_cosine": 0.7768105352915355,
    "pearson_manhattan": 0.7210288233916551,
    "spearman_manhattan": 0.7765726943645601,
    "pearson_euclidean": 0.7204484942836509,
    "spearman_euclidean": 0.7762647444510618,
    "pearson_dot": 0.7792304381260798,
    "spearman_dot": 0.7762434370541289,
    "pearson_max": 0.7792304711562494,
    "spearman_max": 0.7768105352915355
  },
  "initial_triplet_eval_result": {
    "all-nli-dev_cosine_accuracy": 0.9466666666666667,
    "all-nli-dev_dot_accuracy": 0.05333333333333334,
    "all-nli-dev_manhattan_accuracy": 0.9433333333333334,
    "all-nli-dev_euclidean_accuracy": 0.9466666666666667,
    "all-nli-dev_max_accuracy": 0.9466666666666667
  },
  "final_embedding_eval_result": {
    "pearson_cosine": 0.897031328048384,
    "spearman_cosine": 0.8386698301796011,
    "pearson_manhattan": 0.8366719739344085,
    "spearman_manhattan": 0.8349156414302804,
    "pearson_euclidean": 0.8377709575762098,
    "spearman_euclidean": 0.8386689796067082,
    "pearson_dot": 0.8970313275833814,
    "spearman_dot": 0.8385531860348079,
    "pearson_max": 0.897031328048384,
    "spearman_max": 0.8386698301796011
  },
  "final_triplet_eval_result": {
    "all-nli-test_cosine_accuracy": 0.9769014084507043,
    "all-nli-test_dot_accuracy": 0.023098591549295774,
    "all-nli-test_manhattan_accuracy": 0.976338028169014,
    "all-nli-test_euclidean_accuracy": 0.9769014084507043,
    "all-nli-test_max_accuracy": 0.9769014084507043
  },
  "model_save_path": "models/baai_bge-base-en_netbeans_10frames_5train_0trim/final"
}