{
  "dataset_key": "gnome_pretrain_dataset_3850_traindays",
  "run_name": "baai_bge-base-en_gnome_100frames_1train_0trim_3850_traindays",
  "train_days": 3850,
  "test_days": 700,
  "val_days": 140,
  "warmup_days": 350,
  "plm_key": "BAAI/bge-base-en",
  "bucket_name": "gnome",
  "dataset_json": "/home/mdafifal.mamun/research/S3M/dataset/EMSE_data/gnome_2011/gnome_stacktraces_filtered_98_1_2.json",
  "language": "cpp_pretrain",
  "generate_dataset": true,
  "batch_size": 16,
  "eval_size": 300,
  "max_num_frames": 100,
  "num_train_pairs": 1,
  "num_test_pairs": 1,
  "frame_freq": {},
  "test_only": false,
  "trim_length": 0,
  "model_save_path": "/work/disa_lab/afif/projects/deduplication/trained_embedding_models/baai_bge-base-en_gnome_100frames_1train_0trim_3850_traindays/final/final",
  "initial_embedding_eval_result": {
    "pearson_cosine": 0.7833312478863063,
    "spearman_cosine": 0.7989730455020388,
    "pearson_manhattan": 0.7854623860474472,
    "spearman_manhattan": 0.7982703780281195,
    "pearson_euclidean": 0.786122791000448,
    "spearman_euclidean": 0.7987324291826795,
    "pearson_dot": 0.7833312691552299,
    "spearman_dot": 0.7985291233441043,
    "pearson_max": 0.786122791000448,
    "spearman_max": 0.7989730455020388
  },
  "initial_triplet_eval_result": {
    "all-nli-dev_cosine_accuracy": 0.9566666666666667,
    "all-nli-dev_dot_accuracy": 0.043333333333333335,
    "all-nli-dev_manhattan_accuracy": 0.9633333333333334,
    "all-nli-dev_euclidean_accuracy": 0.9566666666666667,
    "all-nli-dev_max_accuracy": 0.9633333333333334
  },
  "final_embedding_eval_result": {
    "pearson_cosine": 0.8972745538846365,
    "spearman_cosine": 0.8465039131305642,
    "pearson_manhattan": 0.8458816874885814,
    "spearman_manhattan": 0.8465697717245727,
    "pearson_euclidean": 0.8459563730166424,
    "spearman_euclidean": 0.8464927740873618,
    "pearson_dot": 0.8972745566044111,
    "spearman_dot": 0.8463562124678694,
    "pearson_max": 0.8972745566044111,
    "spearman_max": 0.8465697717245727
  },
  "final_triplet_eval_result": {
    "all-nli-test_cosine_accuracy": 0.9903526280771789,
    "all-nli-test_dot_accuracy": 0.009314703925482368,
    "all-nli-test_manhattan_accuracy": 0.9896872920825016,
    "all-nli-test_euclidean_accuracy": 0.9903526280771789,
    "all-nli-test_max_accuracy": 0.9903526280771789
  }
}