{
  "dataset_key": "eclipse_pretrain_dataset_3850_traindays",
  "run_name": "baai_bge-base-en_eclipse_10frames_5train_2trim_3850_traindays",
  "train_days": 3850,
  "test_days": 700,
  "val_days": 140,
  "warmup_days": 350,
  "plm_key": "BAAI/bge-base-en",
  "bucket_name": "eclipse",
  "dataset_json": "/home/mdafifal.mamun/research/S3M/dataset/EMSE_data/eclipse_2018/eclipse_stacktraces.json",
  "language": "java",
  "generate_dataset": true,
  "batch_size": 16,
  "eval_size": 300,
  "max_num_frames": 10,
  "num_train_pairs": 5,
  "num_test_pairs": 1,
  "frame_freq": {},
  "test_only": false,
  "trim_length": 2,
  "model_save_path": "/work/disa_lab/afif/projects/deduplication/trained_embedding_models/baai_bge-base-en_eclipse_10frames_5train_2trim_3850_traindays/final",
  "initial_embedding_eval_result": {
    "pearson_cosine": 0.7520669247761349,
    "spearman_cosine": 0.7677142635882422,
    "pearson_manhattan": 0.7482879789999468,
    "spearman_manhattan": 0.7647328849442191,
    "pearson_euclidean": 0.749964651783138,
    "spearman_euclidean": 0.7652727871322785,
    "pearson_dot": 0.7520669715388679,
    "spearman_dot": 0.7642347978284776,
    "pearson_max": 0.7520669715388679,
    "spearman_max": 0.7677142635882422
  },
  "initial_triplet_eval_result": {
    "all-nli-dev_cosine_accuracy": 0.9433333333333334,
    "all-nli-dev_dot_accuracy": 0.056666666666666664,
    "all-nli-dev_manhattan_accuracy": 0.9466666666666667,
    "all-nli-dev_euclidean_accuracy": 0.9433333333333334,
    "all-nli-dev_max_accuracy": 0.9466666666666667
  },
  "final_embedding_eval_result": {
    "pearson_cosine": 0.8663714732559623,
    "spearman_cosine": 0.8130678485741555,
    "pearson_manhattan": 0.8290431791911408,
    "spearman_manhattan": 0.8082074040331798,
    "pearson_euclidean": 0.8296558948210282,
    "spearman_euclidean": 0.8130677578375028,
    "pearson_dot": 0.8663714673394852,
    "spearman_dot": 0.8116158773995288,
    "pearson_max": 0.8663714732559623,
    "spearman_max": 0.8130678485741555
  },
  "final_triplet_eval_result": {
    "all-nli-test_cosine_accuracy": 0.9708313077297035,
    "all-nli-test_dot_accuracy": 0.02916869227029655,
    "all-nli-test_manhattan_accuracy": 0.9703451628585319,
    "all-nli-test_euclidean_accuracy": 0.9708313077297035,
    "all-nli-test_max_accuracy": 0.9708313077297035
  }
}