{
  "dataset_key": "netbeans_pretrain_dataset_3850_traindays",
  "run_name": "baai_bge-base-en_netbeans_10frames_5train_1trim_3850_traindays",
  "train_days": 3850,
  "test_days": 700,
  "val_days": 140,
  "warmup_days": 350,
  "plm_key": "BAAI/bge-base-en",
  "bucket_name": "netbeans",
  "dataset_json": "/home/mdafifal.mamun/research/S3M/dataset/EMSE_data/netbeans_2016/netbeans_stacktraces.json",
  "language": "java",
  "generate_dataset": true,
  "batch_size": 16,
  "eval_size": 300,
  "max_num_frames": 10,
  "num_train_pairs": 5,
  "num_test_pairs": 1,
  "frame_freq": {},
  "test_only": false,
  "trim_length": 1,
  "model_save_path": "/work/disa_lab/afif/projects/deduplication/trained_embedding_models/baai_bge-base-en_netbeans_10frames_5train_1trim_3850_traindays/final",
  "initial_embedding_eval_result": {
    "pearson_cosine": 0.7603700331402079,
    "spearman_cosine": 0.7580665032612689,
    "pearson_manhattan": 0.7089408581863077,
    "spearman_manhattan": 0.7548855359437493,
    "pearson_euclidean": 0.7099546685531852,
    "spearman_euclidean": 0.7572727084026144,
    "pearson_dot": 0.7603700921823158,
    "spearman_dot": 0.7571818759415667,
    "pearson_max": 0.7603700921823158,
    "spearman_max": 0.7580665032612689
  },
  "initial_triplet_eval_result": {
    "all-nli-dev_cosine_accuracy": 0.9466666666666667,
    "all-nli-dev_dot_accuracy": 0.05333333333333334,
    "all-nli-dev_manhattan_accuracy": 0.95,
    "all-nli-dev_euclidean_accuracy": 0.9466666666666667,
    "all-nli-dev_max_accuracy": 0.95
  },
  "final_embedding_eval_result": {
    "pearson_cosine": 0.9078164985695174,
    "spearman_cosine": 0.8436410603438876,
    "pearson_manhattan": 0.848840572911653,
    "spearman_manhattan": 0.8438141328455608,
    "pearson_euclidean": 0.8486673816456864,
    "spearman_euclidean": 0.8436408492423206,
    "pearson_dot": 0.9078165008288096,
    "spearman_dot": 0.8433600017373405,
    "pearson_max": 0.9078165008288096,
    "spearman_max": 0.8438141328455608
  },
  "final_triplet_eval_result": {
    "all-nli-test_cosine_accuracy": 0.9780281690140845,
    "all-nli-test_dot_accuracy": 0.021971830985915493,
    "all-nli-test_manhattan_accuracy": 0.9802816901408451,
    "all-nli-test_euclidean_accuracy": 0.9780281690140845,
    "all-nli-test_max_accuracy": 0.9802816901408451
  }
}