{
  "dataset_key": "netbeans_pretrain_dataset_chunk0",
  "run_name": "baai_bge-base-en_netbeans_10frames_5train_0trim_chunk0",
  "train_days": 2503,
  "test_days": 365,
  "val_days": 140,
  "warmup_days": 350,
  "plm_key": "BAAI/bge-base-en",
  "bucket_name": "netbeans",
  "dataset_json": "/home/mdafifal.mamun/research/S3M/dataset/EMSE_data/netbeans_2016/netbeans_stacktraces.json",
  "language": "java",
  "generate_dataset": true,
  "batch_size": 16,
  "eval_size": 300,
  "max_num_frames": 10,
  "num_train_pairs": 5,
  "num_test_pairs": 1,
  "frame_freq": {},
  "test_only": false,
  "trim_length": 0,
  "initial_embedding_eval_result": {
    "pearson_cosine": 0.7523312054943718,
    "spearman_cosine": 0.7238569103521073,
    "pearson_manhattan": 0.7005004920811715,
    "spearman_manhattan": 0.7219576333798556,
    "pearson_euclidean": 0.7007552559110817,
    "spearman_euclidean": 0.7226510889712012,
    "pearson_dot": 0.7523312492322625,
    "spearman_dot": 0.722249388370134,
    "pearson_max": 0.7523312492322625,
    "spearman_max": 0.7238569103521073
  },
  "initial_triplet_eval_result": {
    "all-nli-dev_cosine_accuracy": 0.9133333333333333,
    "all-nli-dev_dot_accuracy": 0.08666666666666667,
    "all-nli-dev_manhattan_accuracy": 0.9033333333333333,
    "all-nli-dev_euclidean_accuracy": 0.9133333333333333,
    "all-nli-dev_max_accuracy": 0.9133333333333333
  },
  "final_embedding_eval_result": {
    "pearson_cosine": 0.800367042167451,
    "spearman_cosine": 0.7506864918709966,
    "pearson_manhattan": 0.7608162339199721,
    "spearman_manhattan": 0.756176993155827,
    "pearson_euclidean": 0.759790858112983,
    "spearman_euclidean": 0.7506848819670041,
    "pearson_dot": 0.800367041826452,
    "spearman_dot": 0.7498951260885027,
    "pearson_max": 0.800367042167451,
    "spearman_max": 0.756176993155827
  },
  "final_triplet_eval_result": {
    "all-nli-test_cosine_accuracy": 0.9337431693989071,
    "all-nli-test_dot_accuracy": 0.0662568306010929,
    "all-nli-test_manhattan_accuracy": 0.9337431693989071,
    "all-nli-test_euclidean_accuracy": 0.9337431693989071,
    "all-nli-test_max_accuracy": 0.9337431693989071
  },
  "model_save_path": "models/baai_bge-base-en_netbeans_10frames_5train_0trim_chunk0/final"
}