{
  "dataset_key": "netbeans_pretrain_10frames_5train_2trim",
  "run_name": "baai_bge-base-en_netbeans_10frames_5train_2trim",
  "train_days": 3850,
  "test_days": 700,
  "val_days": 140,
  "warmup_days": 350,
  "plm_key": "BAAI/bge-base-en",
  "bucket_name": "netbeans",
  "dataset_json": "/home/mdafifal.mamun/research/S3M/dataset/EMSE_data/netbeans_2016/netbeans_stacktraces.json",
  "language": "java",
  "generate_dataset": true,
  "batch_size": 16,
  "eval_size": 300,
  "max_num_frames": 10,
  "num_train_pairs": 5,
  "num_test_pairs": 1,
  "frame_freq": {},
  "test_only": false,
  "trim_length": 2,
  "initial_embedding_eval_result": {
    "pearson_cosine": 0.7991706155898284,
    "spearman_cosine": 0.808370825939501,
    "pearson_manhattan": 0.726445478346416,
    "spearman_manhattan": 0.8066439791384966,
    "pearson_euclidean": 0.7268320136488878,
    "spearman_euclidean": 0.8079528411834859,
    "pearson_dot": 0.7991705618037406,
    "spearman_dot": 0.807878766226236,
    "pearson_max": 0.7991706155898284,
    "spearman_max": 0.808370825939501
  },
  "initial_triplet_eval_result": {
    "all-nli-dev_cosine_accuracy": 0.9666666666666667,
    "all-nli-dev_dot_accuracy": 0.03333333333333333,
    "all-nli-dev_manhattan_accuracy": 0.9733333333333334,
    "all-nli-dev_euclidean_accuracy": 0.9666666666666667,
    "all-nli-dev_max_accuracy": 0.9733333333333334
  },
  "final_embedding_eval_result": {
    "pearson_cosine": 0.889760208566363,
    "spearman_cosine": 0.8428258131479697,
    "pearson_manhattan": 0.8278854399046456,
    "spearman_manhattan": 0.8428834722844569,
    "pearson_euclidean": 0.827400668801223,
    "spearman_euclidean": 0.8428257194428515,
    "pearson_dot": 0.8897602070485857,
    "spearman_dot": 0.842585339886106,
    "pearson_max": 0.889760208566363,
    "spearman_max": 0.8428834722844569
  },
  "final_triplet_eval_result": {
    "all-nli-test_cosine_accuracy": 0.9808450704225352,
    "all-nli-test_dot_accuracy": 0.01915492957746479,
    "all-nli-test_manhattan_accuracy": 0.9814084507042253,
    "all-nli-test_euclidean_accuracy": 0.9808450704225352,
    "all-nli-test_max_accuracy": 0.9814084507042253
  },
  "model_save_path": "models/baai_bge-base-en_netbeans_10frames_5train_2trim/final"
}