{
  "dataset_key": "eclipse_pretrain_dataset",
  "run_name": "baai_bge-base-en_eclipse_10frames_5train_0trim",
  "train_days": 3850,
  "test_days": 700,
  "val_days": 140,
  "warmup_days": 350,
  "plm_key": "BAAI/bge-base-en",
  "bucket_name": "eclipse",
  "dataset_json": "/home/mdafifal.mamun/research/S3M/dataset/EMSE_data/eclipse_2018/eclipse_stacktraces.json",
  "language": "java",
  "generate_dataset": true,
  "batch_size": 16,
  "eval_size": 300,
  "max_num_frames": 10,
  "num_train_pairs": 5,
  "num_test_pairs": 1,
  "frame_freq": {},
  "test_only": false,
  "trim_length": 0,
  "initial_embedding_eval_result": {
    "pearson_cosine": 0.8376369450253875,
    "spearman_cosine": 0.8111898885347043,
    "pearson_manhattan": 0.8092186144272513,
    "spearman_manhattan": 0.8113960407775771,
    "pearson_euclidean": 0.8085968676019522,
    "spearman_euclidean": 0.8091593026423537,
    "pearson_dot": 0.8376369718354908,
    "spearman_dot": 0.8081989905748612,
    "pearson_max": 0.8376369718354908,
    "spearman_max": 0.8113960407775771
  },
  "initial_triplet_eval_result": {
    "all-nli-dev_cosine_accuracy": 0.9633333333333334,
    "all-nli-dev_dot_accuracy": 0.03666666666666667,
    "all-nli-dev_manhattan_accuracy": 0.96,
    "all-nli-dev_euclidean_accuracy": 0.9633333333333334,
    "all-nli-dev_max_accuracy": 0.9633333333333334
  },
  "final_embedding_eval_result": {
    "pearson_cosine": 0.8852642267757314,
    "spearman_cosine": 0.824680981768047,
    "pearson_manhattan": 0.8440988508501843,
    "spearman_manhattan": 0.8241537654634314,
    "pearson_euclidean": 0.8447478075729735,
    "spearman_euclidean": 0.8246738335137156,
    "pearson_dot": 0.8852642161106483,
    "spearman_dot": 0.8240865223686071,
    "pearson_max": 0.8852642267757314,
    "spearman_max": 0.824680981768047
  },
  "final_triplet_eval_result": {
    "all-nli-test_cosine_accuracy": 0.9684005833738454,
    "all-nli-test_dot_accuracy": 0.02819640252795333,
    "all-nli-test_manhattan_accuracy": 0.9693728731161886,
    "all-nli-test_euclidean_accuracy": 0.9684005833738454,
    "all-nli-test_max_accuracy": 0.9693728731161886
  },
  "model_save_path": "models/baai_bge-base-en_eclipse_10frames_5train_0trim/final"
}