{
  "dataset_key": "netbeans_pretrain_10frames_2train_0trim",
  "run_name": "baai_bge-base-en_netbeans_10frames_2train_0trim",
  "train_days": 3850,
  "test_days": 700,
  "val_days": 140,
  "warmup_days": 350,
  "plm_key": "BAAI/bge-base-en",
  "bucket_name": "netbeans",
  "dataset_json": "/home/mdafifal.mamun/research/S3M/dataset/EMSE_data/netbeans_2016/netbeans_stacktraces.json",
  "language": "java",
  "generate_dataset": true,
  "batch_size": 16,
  "eval_size": 300,
  "max_num_frames": 10,
  "num_train_pairs": 2,
  "num_test_pairs": 1,
  "frame_freq": {},
  "test_only": false,
  "trim_length": 0,
  "initial_embedding_eval_result": {
    "pearson_cosine": 0.750767747037485,
    "spearman_cosine": 0.7587624853639687,
    "pearson_manhattan": 0.7001896708821151,
    "spearman_manhattan": 0.7575077492659558,
    "pearson_euclidean": 0.7013745938419311,
    "spearman_euclidean": 0.7583546427756545,
    "pearson_dot": 0.7507677093252991,
    "spearman_dot": 0.7582979259126583,
    "pearson_max": 0.750767747037485,
    "spearman_max": 0.7587624853639687
  },
  "initial_triplet_eval_result": {
    "all-nli-dev_cosine_accuracy": 0.9433333333333334,
    "all-nli-dev_dot_accuracy": 0.056666666666666664,
    "all-nli-dev_manhattan_accuracy": 0.9433333333333334,
    "all-nli-dev_euclidean_accuracy": 0.9433333333333334,
    "all-nli-dev_max_accuracy": 0.9433333333333334
  },
  "final_embedding_eval_result": {
    "pearson_cosine": 0.8782334260105181,
    "spearman_cosine": 0.827389641998877,
    "pearson_manhattan": 0.816998361514992,
    "spearman_manhattan": 0.8267731353323418,
    "pearson_euclidean": 0.8178812016874266,
    "spearman_euclidean": 0.8273891246299118,
    "pearson_dot": 0.8782334180022133,
    "spearman_dot": 0.8272163202239315,
    "pearson_max": 0.8782334260105181,
    "spearman_max": 0.827389641998877
  },
  "final_triplet_eval_result": {
    "all-nli-test_cosine_accuracy": 0.979718309859155,
    "all-nli-test_dot_accuracy": 0.02028169014084507,
    "all-nli-test_manhattan_accuracy": 0.9774647887323944,
    "all-nli-test_euclidean_accuracy": 0.979718309859155,
    "all-nli-test_max_accuracy": 0.979718309859155
  },
  "model_save_path": "models/baai_bge-base-en_netbeans_10frames_2train_0trim/final"
}