{
  "dataset_key": "netbeans_pretrain_dataset",
  "run_name": "baai_bge-base-en_netbeans_10frames_5train_0trim",
  "train_days": 3850,
  "test_days": 700,
  "val_days": 140,
  "warmup_days": 350,
  "plm_key": "BAAI/bge-base-en",
  "bucket_name": "netbeans",
  "dataset_json": "/home/mdafifal.mamun/research/S3M/dataset/EMSE_data/netbeans_2016/netbeans_stacktraces.json",
  "language": "java",
  "generate_dataset": true,
  "batch_size": 16,
  "eval_size": 300,
  "max_num_frames": 10,
  "num_train_pairs": 5,
  "num_test_pairs": 1,
  "frame_freq": {},
  "test_only": false,
  "trim_length": 0,
  "initial_embedding_eval_result": {
    "pearson_cosine": 0.7732642652660724,
    "spearman_cosine": 0.7690393890579261,
    "pearson_manhattan": 0.7170710445204129,
    "spearman_manhattan": 0.7678860806682595,
    "pearson_euclidean": 0.7170781303217652,
    "spearman_euclidean": 0.768655968457179,
    "pearson_dot": 0.7732642820349789,
    "spearman_dot": 0.7686171027481197,
    "pearson_max": 0.7732642820349789,
    "spearman_max": 0.7690393890579261
  },
  "initial_triplet_eval_result": {
    "all-nli-dev_cosine_accuracy": 0.9533333333333334,
    "all-nli-dev_dot_accuracy": 0.04666666666666667,
    "all-nli-dev_manhattan_accuracy": 0.9566666666666667,
    "all-nli-dev_euclidean_accuracy": 0.9533333333333334,
    "all-nli-dev_max_accuracy": 0.9566666666666667
  },
  "final_embedding_eval_result": {
    "pearson_cosine": 0.8902457179248682,
    "spearman_cosine": 0.8318304270077578,
    "pearson_manhattan": 0.8362859736272319,
    "spearman_manhattan": 0.8310211393213945,
    "pearson_euclidean": 0.8365913533928879,
    "spearman_euclidean": 0.8318295256436915,
    "pearson_dot": 0.8902457184017798,
    "spearman_dot": 0.8317470632295194,
    "pearson_max": 0.8902457184017798,
    "spearman_max": 0.8318304270077578
  },
  "final_triplet_eval_result": {
    "all-nli-test_cosine_accuracy": 0.9791549295774647,
    "all-nli-test_dot_accuracy": 0.02028169014084507,
    "all-nli-test_manhattan_accuracy": 0.9774647887323944,
    "all-nli-test_euclidean_accuracy": 0.9791549295774647,
    "all-nli-test_max_accuracy": 0.9791549295774647
  },
  "model_save_path": "models/baai_bge-base-en_netbeans_10frames_5train_0trim/final"
}