{
  "dataset_key": "netbeans_pretrain_dataset_5years",
  "run_name": "baai_bge-base-en_netbeans_10frames_5train_0trim_5years",
  "train_days": 1825,
  "test_days": 700,
  "val_days": 140,
  "warmup_days": 350,
  "plm_key": "BAAI/bge-base-en",
  "bucket_name": "netbeans",
  "dataset_json": "/home/mdafifal.mamun/research/S3M/dataset/EMSE_data/netbeans_2016/netbeans_stacktraces.json",
  "language": "java",
  "generate_dataset": true,
  "batch_size": 16,
  "eval_size": 300,
  "max_num_frames": 10,
  "num_train_pairs": 5,
  "num_test_pairs": 1,
  "frame_freq": {},
  "test_only": false,
  "trim_length": 0,
  "initial_embedding_eval_result": {
    "pearson_cosine": 0.6376580201706777,
    "spearman_cosine": 0.6045842176556704,
    "pearson_manhattan": 0.6389321340461062,
    "spearman_manhattan": 0.6026921010356987,
    "pearson_euclidean": 0.6395242082613597,
    "spearman_euclidean": 0.6037731631003367,
    "pearson_dot": 0.6376580549342448,
    "spearman_dot": 0.6021776068665146,
    "pearson_max": 0.6395242082613597,
    "spearman_max": 0.6045842176556704
  },
  "initial_triplet_eval_result": {
    "all-nli-dev_cosine_accuracy": 0.8733333333333333,
    "all-nli-dev_dot_accuracy": 0.12666666666666668,
    "all-nli-dev_manhattan_accuracy": 0.8766666666666667,
    "all-nli-dev_euclidean_accuracy": 0.8733333333333333,
    "all-nli-dev_max_accuracy": 0.8766666666666667
  },
  "final_embedding_eval_result": {
    "pearson_cosine": 0.7712786342665849,
    "spearman_cosine": 0.7079753336511156,
    "pearson_manhattan": 0.7389725585092489,
    "spearman_manhattan": 0.7118321196853945,
    "pearson_euclidean": 0.7384283282934725,
    "spearman_euclidean": 0.7079752250430337,
    "pearson_dot": 0.7712786382686132,
    "spearman_dot": 0.7066314518028753,
    "pearson_max": 0.7712786382686132,
    "spearman_max": 0.7118321196853945
  },
  "final_triplet_eval_result": {
    "all-nli-test_cosine_accuracy": 0.878690284487386,
    "all-nli-test_dot_accuracy": 0.12077294685990338,
    "all-nli-test_manhattan_accuracy": 0.880300590445518,
    "all-nli-test_euclidean_accuracy": 0.878690284487386,
    "all-nli-test_max_accuracy": 0.880300590445518
  },
  "model_save_path": "/work/disa_lab/afif/projects/deduplication/trained_embedding_models/baai_bge-base-en_netbeans_10frames_5train_0trim_5years/final"
}