{
  "dataset_key": "eclipse_pretrain_dataset_3850_traindays",
  "run_name": "baai_bge-base-en_eclipse_10frames_5train_1trim_3850_traindays",
  "train_days": 3850,
  "test_days": 700,
  "val_days": 140,
  "warmup_days": 350,
  "plm_key": "BAAI/bge-base-en",
  "bucket_name": "eclipse",
  "dataset_json": "/home/mdafifal.mamun/research/S3M/dataset/EMSE_data/eclipse_2018/eclipse_stacktraces.json",
  "language": "java",
  "generate_dataset": true,
  "batch_size": 16,
  "eval_size": 300,
  "max_num_frames": 10,
  "num_train_pairs": 5,
  "num_test_pairs": 1,
  "frame_freq": {},
  "test_only": false,
  "trim_length": 1,
  "model_save_path": "/work/disa_lab/afif/projects/deduplication/trained_embedding_models/baai_bge-base-en_eclipse_10frames_5train_1trim_3850_traindays/final",
  "initial_embedding_eval_result": {
    "pearson_cosine": 0.7903430018023259,
    "spearman_cosine": 0.7820779062231996,
    "pearson_manhattan": 0.770451934965973,
    "spearman_manhattan": 0.7802429315400209,
    "pearson_euclidean": 0.7704354070854045,
    "spearman_euclidean": 0.7805517551820316,
    "pearson_dot": 0.7903429504378223,
    "spearman_dot": 0.7785389685182852,
    "pearson_max": 0.7903430018023259,
    "spearman_max": 0.7820779062231996
  },
  "initial_triplet_eval_result": {
    "all-nli-dev_cosine_accuracy": 0.94,
    "all-nli-dev_dot_accuracy": 0.06,
    "all-nli-dev_manhattan_accuracy": 0.9433333333333334,
    "all-nli-dev_euclidean_accuracy": 0.94,
    "all-nli-dev_max_accuracy": 0.9433333333333334
  },
  "final_embedding_eval_result": {
    "pearson_cosine": 0.8829580026609065,
    "spearman_cosine": 0.8209865214172456,
    "pearson_manhattan": 0.835836586028214,
    "spearman_manhattan": 0.821308326537927,
    "pearson_euclidean": 0.8354824312180602,
    "spearman_euclidean": 0.8209809969974008,
    "pearson_dot": 0.8829580103804755,
    "spearman_dot": 0.8206418241535793,
    "pearson_max": 0.8829580103804755,
    "spearman_max": 0.821308326537927
  },
  "final_triplet_eval_result": {
    "all-nli-test_cosine_accuracy": 0.9718035974720467,
    "all-nli-test_dot_accuracy": 0.026737967914438502,
    "all-nli-test_manhattan_accuracy": 0.9703451628585319,
    "all-nli-test_euclidean_accuracy": 0.9718035974720467,
    "all-nli-test_max_accuracy": 0.9718035974720467
  }
}