{
  "dataset_key": "netbeans_pretrain_dataset_3850_traindays",
  "run_name": "baai_bge-base-en_netbeans_15frames_4train_0trim_3850_traindays",
  "train_days": 3850,
  "test_days": 700,
  "val_days": 140,
  "warmup_days": 350,
  "plm_key": "BAAI/bge-base-en",
  "bucket_name": "netbeans",
  "dataset_json": "/home/mdafifal.mamun/research/S3M/dataset/EMSE_data/netbeans_2016/netbeans_stacktraces.json",
  "language": "java",
  "generate_dataset": true,
  "batch_size": 16,
  "eval_size": 300,
  "max_num_frames": 15,
  "num_train_pairs": 4,
  "num_test_pairs": 1,
  "frame_freq": {},
  "test_only": false,
  "trim_length": 0,
  "model_save_path": "/work/disa_lab/afif/projects/deduplication/trained_embedding_models/baai_bge-base-en_netbeans_15frames_4train_0trim_3850_traindays/final",
  "initial_embedding_eval_result": {
    "pearson_cosine": 0.7715343147284981,
    "spearman_cosine": 0.7830923288851613,
    "pearson_manhattan": 0.7072911545428187,
    "spearman_manhattan": 0.7820448219472983,
    "pearson_euclidean": 0.7072411690999749,
    "spearman_euclidean": 0.7828147784521199,
    "pearson_dot": 0.7715342436331578,
    "spearman_dot": 0.7826883767016444,
    "pearson_max": 0.7715343147284981,
    "spearman_max": 0.7830923288851613
  },
  "initial_triplet_eval_result": {
    "all-nli-dev_cosine_accuracy": 0.9466666666666667,
    "all-nli-dev_dot_accuracy": 0.05333333333333334,
    "all-nli-dev_manhattan_accuracy": 0.9466666666666667,
    "all-nli-dev_euclidean_accuracy": 0.9466666666666667,
    "all-nli-dev_max_accuracy": 0.9466666666666667
  },
  "final_embedding_eval_result": {
    "pearson_cosine": 0.8816275042061608,
    "spearman_cosine": 0.8310249927503818,
    "pearson_manhattan": 0.8214510241314901,
    "spearman_manhattan": 0.830543603585643,
    "pearson_euclidean": 0.8225003832171198,
    "spearman_euclidean": 0.8310248772590001,
    "pearson_dot": 0.8816275014677222,
    "spearman_dot": 0.830781678415671,
    "pearson_max": 0.8816275042061608,
    "spearman_max": 0.8310249927503818
  },
  "final_triplet_eval_result": {
    "all-nli-test_cosine_accuracy": 0.9757746478873239,
    "all-nli-test_dot_accuracy": 0.024225352112676058,
    "all-nli-test_manhattan_accuracy": 0.9769014084507043,
    "all-nli-test_euclidean_accuracy": 0.9757746478873239,
    "all-nli-test_max_accuracy": 0.9769014084507043
  }
}