{
  "dataset_key": "netbeans_pretrain_10_class_prev_triplet",
  "run_name": "bge-base-netbeans_10_class_prev_triplet",
  "train_days": 3850,
  "test_days": 700,
  "val_days": 140,
  "warmup_days": 350,
  "plm_key": "BAAI/bge-base-en",
  "bucket_name": "netbeans",
  "dataset_json": "/home/mdafifal.mamun/research/S3M/dataset/EMSE_data/netbeans_2016/netbeans_stacktraces.json",
  "language": "java",
  "generate_dataset": true,
  "batch_size": 16,
  "eval_size": 300,
  "max_num_frames": 10,
  "num_train_pairs": 5,
  "num_test_pairs": 1,
  "frame_freq": {},
  "test_only": false,
  "trim_length": 0,
  "initial_embedding_eval_result": {
    "pearson_cosine": 0.7796658529134919,
    "spearman_cosine": 0.7739600819220206,
    "pearson_manhattan": 0.7229424660616155,
    "spearman_manhattan": 0.773891031421926,
    "pearson_euclidean": 0.7240618985115448,
    "spearman_euclidean": 0.7736599961851595,
    "pearson_dot": 0.7796657796580135,
    "spearman_dot": 0.7733898219138098,
    "pearson_max": 0.7796658529134919,
    "spearman_max": 0.7739600819220206
  },
  "initial_triplet_eval_result": {
    "all-nli-dev_cosine_accuracy": 0.95,
    "all-nli-dev_dot_accuracy": 0.05,
    "all-nli-dev_manhattan_accuracy": 0.95,
    "all-nli-dev_euclidean_accuracy": 0.95,
    "all-nli-dev_max_accuracy": 0.95
  },
  "final_embedding_eval_result": {
    "pearson_cosine": 0.8836128260662721,
    "spearman_cosine": 0.8410895232870814,
    "pearson_manhattan": 0.8185087313147119,
    "spearman_manhattan": 0.8407044270789462,
    "pearson_euclidean": 0.8193459913094667,
    "spearman_euclidean": 0.8410894531504273,
    "pearson_dot": 0.8836128375124201,
    "spearman_dot": 0.8408507628958357,
    "pearson_max": 0.8836128375124201,
    "spearman_max": 0.8410895232870814
  },
  "final_triplet_eval_result": {
    "all-nli-test_cosine_accuracy": 0.9802816901408451,
    "all-nli-test_dot_accuracy": 0.01915492957746479,
    "all-nli-test_manhattan_accuracy": 0.9802816901408451,
    "all-nli-test_euclidean_accuracy": 0.9802816901408451,
    "all-nli-test_max_accuracy": 0.9802816901408451
  },
  "model_save_path": "models/bge-base-netbeans_10_class_prev_triplet/final"
}