{
  "dataset_key": "eclipse_pretrain_10_class",
  "run_name": "bge-base-eclipse_10_class",
  "train_days": 4340,
  "test_days": 700,
  "plm_key": "BAAI/bge-base-en",
  "bucket_name": "eclipse",
  "dataset_json": "/home/mdafifal.mamun/research/S3M/dataset/EMSE_data/eclipse_2018/eclipse_stacktraces.json",
  "language": "java",
  "generate_dataset": true,
  "batch_size": 16,
  "eval_size": 300,
  "max_num_frames": 10,
  "num_train_pairs": 5,
  "num_test_pairs": 1,
  "frame_freq": {},
  "test_only": false,
  "trim_length": 2,
  "initial_embedding_eval_result": {
    "pearson_cosine": 0.7003896377365284,
    "spearman_cosine": 0.7303350516436703,
    "pearson_manhattan": 0.7098243257669073,
    "spearman_manhattan": 0.727779353757435,
    "pearson_euclidean": 0.7112643025540358,
    "spearman_euclidean": 0.7290126168012943,
    "pearson_dot": 0.7003896694638541,
    "spearman_dot": 0.7282540857786862,
    "pearson_max": 0.7112643025540358,
    "spearman_max": 0.7303350516436703
  },
  "initial_triplet_eval_result": {
    "all-nli-dev_cosine_accuracy": 0.9466666666666667,
    "all-nli-dev_dot_accuracy": 0.05333333333333334,
    "all-nli-dev_manhattan_accuracy": 0.9466666666666667,
    "all-nli-dev_euclidean_accuracy": 0.9466666666666667,
    "all-nli-dev_max_accuracy": 0.9466666666666667
  },
  "final_embedding_eval_result": {
    "pearson_cosine": 0.8868937235928231,
    "spearman_cosine": 0.8354764174909926,
    "pearson_manhattan": 0.8404771217099936,
    "spearman_manhattan": 0.8354373776476318,
    "pearson_euclidean": 0.8396777478290369,
    "spearman_euclidean": 0.8354759402262371,
    "pearson_dot": 0.8868937179392089,
    "spearman_dot": 0.8343079208376443,
    "pearson_max": 0.8868937235928231,
    "spearman_max": 0.8354764174909926
  },
  "final_triplet_eval_result": {
    "all-nli-test_cosine_accuracy": 0.9827586206896551,
    "all-nli-test_dot_accuracy": 0.017241379310344827,
    "all-nli-test_manhattan_accuracy": 0.9827586206896551,
    "all-nli-test_euclidean_accuracy": 0.9827586206896551,
    "all-nli-test_max_accuracy": 0.9827586206896551
  }
}