{
  "dataset_key": "eclipse_pretrain_10_class",
  "run_name": "bge-base-eclipse_10_class",
  "plm_key": "BAAI/bge-base-en",
  "bucket_name": "eclipse",
  "dataset_json": "/home/mdafifal.mamun/research/S3M/dataset/EMSE_data/eclipse_2018/eclipse_stacktraces.json",
  "language": "java",
  "generate_dataset": true,
  "batch_size": 16,
  "eval_size": 300,
  "max_num_frames": 10,
  "num_train_pairs": 4,
  "num_test_pairs": 1,
  "frame_freq": {},
  "test_only": false,
  "trim_length": 2,
  "initial_embedding_eval_result": {
    "pearson_cosine": 0.7254641866958774,
    "spearman_cosine": 0.7461783438232596,
    "pearson_manhattan": 0.7308406894107643,
    "spearman_manhattan": 0.7427908066154746,
    "pearson_euclidean": 0.7332322085829956,
    "spearman_euclidean": 0.7441777604037606,
    "pearson_dot": 0.7254641454747544,
    "spearman_dot": 0.7438021852610555,
    "pearson_max": 0.7332322085829956,
    "spearman_max": 0.7461783438232596
  },
  "initial_triplet_eval_result": {
    "all-nli-dev_cosine_accuracy": 0.9366666666666666,
    "all-nli-dev_dot_accuracy": 0.06333333333333334,
    "all-nli-dev_manhattan_accuracy": 0.9366666666666666,
    "all-nli-dev_euclidean_accuracy": 0.9366666666666666,
    "all-nli-dev_max_accuracy": 0.9366666666666666
  },
  "final_embedding_eval_result": {
    "pearson_cosine": 0.8768972141160307,
    "spearman_cosine": 0.8202873961710211,
    "pearson_manhattan": 0.8293206373507437,
    "spearman_manhattan": 0.8166631163499294,
    "pearson_euclidean": 0.8302656260257831,
    "spearman_euclidean": 0.8202869047249715,
    "pearson_dot": 0.8768972136642155,
    "spearman_dot": 0.8191684034487199,
    "pearson_max": 0.8768972141160307,
    "spearman_max": 0.8202873961710211
  },
  "final_triplet_eval_result": {
    "all-nli-test_cosine_accuracy": 0.9850885368126747,
    "all-nli-test_dot_accuracy": 0.014911463187325256,
    "all-nli-test_manhattan_accuracy": 0.983690587138863,
    "all-nli-test_euclidean_accuracy": 0.9850885368126747,
    "all-nli-test_max_accuracy": 0.9850885368126747
  }
}