{
  "dataset_key": "eclipse_pretrain_10_class",
  "run_name": "bge-base-eclipse_10_class",
  "train_days": 3850,
  "test_days": 700,
  "val_days": 140,
  "warmup_days": 350,
  "plm_key": "BAAI/bge-base-en",
  "bucket_name": "eclipse",
  "dataset_json": "/home/mdafifal.mamun/research/S3M/dataset/EMSE_data/eclipse_2018/eclipse_stacktraces.json",
  "language": "java",
  "generate_dataset": true,
  "batch_size": 16,
  "eval_size": 300,
  "max_num_frames": 10,
  "num_train_pairs": 5,
  "num_test_pairs": 1,
  "frame_freq": {},
  "test_only": false,
  "trim_length": 2,
  "initial_embedding_eval_result": {
    "pearson_cosine": 0.8578238460902894,
    "spearman_cosine": 0.8196479452767044,
    "pearson_manhattan": 0.8126303388185527,
    "spearman_manhattan": 0.8145357093289732,
    "pearson_euclidean": 0.815261351839895,
    "spearman_euclidean": 0.8168490740245967,
    "pearson_dot": 0.8578237951473143,
    "spearman_dot": 0.8157583885463859,
    "pearson_max": 0.8578238460902894,
    "spearman_max": 0.8196479452767044
  },
  "initial_triplet_eval_result": {
    "all-nli-dev_cosine_accuracy": 0.9866666666666667,
    "all-nli-dev_dot_accuracy": 0.013333333333333334,
    "all-nli-dev_manhattan_accuracy": 0.9833333333333333,
    "all-nli-dev_euclidean_accuracy": 0.9866666666666667,
    "all-nli-dev_max_accuracy": 0.9866666666666667
  },
  "final_embedding_eval_result": {
    "pearson_cosine": 0.8751965478709471,
    "spearman_cosine": 0.8061055376311319,
    "pearson_manhattan": 0.8430797652979283,
    "spearman_manhattan": 0.805738787668202,
    "pearson_euclidean": 0.8437393852274582,
    "spearman_euclidean": 0.8061055151077923,
    "pearson_dot": 0.8751965555288614,
    "spearman_dot": 0.8039508855157521,
    "pearson_max": 0.8751965555288614,
    "spearman_max": 0.8061055376311319
  },
  "final_triplet_eval_result": {
    "all-nli-test_cosine_accuracy": 0.9798723613156602,
    "all-nli-test_dot_accuracy": 0.020127638684339717,
    "all-nli-test_manhattan_accuracy": 0.9798723613156602,
    "all-nli-test_euclidean_accuracy": 0.9798723613156602,
    "all-nli-test_max_accuracy": 0.9798723613156602
  }
}

# Triplet selector with most uncommon good stack
map: 0.9505033794044458
auc: 0.9505033794044458
mrr: (0.9505033794044458, 0.9421776506662518, 0.958420258276251)
rr@1: (0.9173553719008265, 0.9076324744773943, 0.9275644141954302)
rr@5: (0.9907632474477395, 0.9868740884783666, 0.9941662615459407)
rr@10: (0.9922216820612543, 0.988818667963053, 0.9965969859017987)